{
    "marketings": {
        "0": {
            "type": 0,
            "version": 21,
            "title": "Check out new Insomnia arrivals.",
            "body": null,
            "avatar": "https://cdn.discordapp.com/assets/content/6d26f18c31bcea9ee88c1d113477408c51ac0fb29013083f403ad965a09be230.png",
            "decorations": [
                "a_6d99f670de3fcee669660fe262e896ea",
                "a_fb1fab5c0a30f0a89a7cd5fad873c6f0",
                "a_462b0bddc07dd495765fe12abe8b077f"
            ],
            "dismissible_content": 422,
            "ref_target_background": null
        },
        "2": {
            "type": 2,
            "version": 21,
            "title": "Give your profile a fresh look",
            "body": "Check out the latest avatar decorations and profile effects and collect your favourite styles.",
            "asset": "https://cdn.discordapp.com/assets/content/038226848943dac18c031948b064d5a317c1193b1e812043efa68f76e3e4b811.png",
            "popout_asset": "https://cdn.discordapp.com/assets/content/9aeed1c548ed726ee8d0204cb9957afd1e9bc81422ed09e9158f5f34e3174825.png"
        }
    }
}