{
  "sku_id": "1144057249392771145",
  "name": "Blueberry Jam",
  "summary": "MMMM JUICY.",
  "store_listing_id": "1144057249392771144",
  "banner": "1149563083245768704",
  "unpublished_at": null,
  "styles": {
    "background_colors": [
      15250027,
      8010240
    ],
    "button_colors": [
      16761685,
      16749879
    ],
    "confetti_colors": [
      14523544,
      16760887,
      16739072,
      16638081,
      14520894,
      16772812
    ]
  },
  "items": [
    {
      "type": 0,
      "id": "1144057249392771146",
      "sku_id": "1144057249392771145",
      "asset": "a_faaa56d945e2d0f6c41cf940d122cb9e",
      "label": "Blueberry Jam Spelling the Letters \"mmmm\", Animated"
    }
  ],
  "type": 0,
  "premium_type": 0,
  "category_sku_id": "1144054000099012659",
  "google_sku_ids": {
    "5": "1144057249392771145_1259924690336612352",
    "7": "1144057249392771145_1259924701422026833"
  }
}