{
    "marketings": {
        "0": {
            "type": 0,
            "version": 4,
            "title": "Check out new Autumn Equinox arrivals.",
            "body": null,
            "avatar": "https://cdn.discordapp.com/assets/content/4eefdc8f547004f73f2a7d2ef659153d5340cd267e3eb0bbfcb013b5d54ecd0d.png",
            "decorations": [
                "a_eb003dc2b5c6d85c8e18cc9336fcdad3",
                "a_fead934c894e95e070d8a0301f9f0b27",
                "a_a44e9335ea869639fdf812f3642a56a6"
            ],
            "dismissible_content": 422,
            "ref_target_background": null
        }
    }
}