{
  "sku_id": "1144057737475534889",
  "name": "Pancakes",
  "summary": "How high can you stack \u2018em?",
  "store_listing_id": "1144057737475534888",
  "banner": "1149563083245768704",
  "unpublished_at": null,
  "styles": {
    "background_colors": [
      15250027,
      8010240
    ],
    "button_colors": [
      16761685,
      16749879
    ],
    "confetti_colors": [
      14523544,
      16760887,
      16739072,
      16638081,
      14520894,
      16772812
    ]
  },
  "items": [
    {
      "type": 0,
      "id": "1144057737475534890",
      "sku_id": "1144057737475534889",
      "asset": "a_950aea7686c5674b4e2f5df0830d153b",
      "label": "Stack of Pancakes with Butter and Syrup, Animated"
    }
  ],
  "type": 0,
  "premium_type": 0,
  "category_sku_id": "1144054000099012659",
  "google_sku_ids": {
    "5": "1144057737475534889_1259924734439587882",
    "7": "1144057737475534889_1259924744967426159"
  }
}