{
    "marketings": {
        "0": {
            "type": 0,
            "version": 23,
            "title": "Check out new Shenanigans arrivals.",
            "body": null,
            "avatar": "https://cdn.discordapp.com/assets/content/8aa0f3367cea8be575e303bdf0e19e9f3fff9628ee7016529c030148e497b1e6.png",
            "decorations": [
                "a_0e50ebc16aa67676687222d0b9b51eb2",
                "a_4774e1f97ebd4a8cc8f71668f3b418e4",
                "a_1e69b40cf0f52b68c511070dd7a29f34"
            ],
            "dismissible_content": 422,
            "ref_target_background": null
        },
        "2": {
            "type": 2,
            "version": 23,
            "title": "Give your profile a fresh look",
            "body": "Check out the latest avatar decorations and profile effects and collect your favourite styles.",
            "asset": "https://cdn.discordapp.com/assets/content/4640d16a22609eabe4d7e0125808b589c867b870015a1c57af0f04c3b1414a11.png",
            "popout_asset": "https://cdn.discordapp.com/assets/content/b9495c86dd8ed44394e30d71a477fe9a2f608d38d9a477b84b8f770d90353a2e.png"
        }
    }
}