{
    "sku_id": "1139323096180994169",
    "name": "Breakfast Plate",
    "summary": "The best meal for any time of day.",
    "store_listing_id": "1139323096180994168",
    "banner": "1149563083245768704",
    "unpublished_at": null,
    "styles": {
        "background_colors": [
            15250027,
            8010240
        ],
        "button_colors": [
            16761685,
            16749879
        ],
        "confetti_colors": [
            14523544,
            16760887,
            16739072,
            16638081,
            14520894,
            16772812
        ]
    },
    "items": [
        {
            "type": 1,
            "id": "1139323095744790569",
            "sku_id": "1139323096180994169"
        }
    ],
    "type": 1,
    "premium_type": 0,
    "category_sku_id": "1144054000099012659",
    "google_sku_ids": {
        "5": "1139323096180994169_1259924776609255576",
        "7": "1139323096180994169_1259924786532974615"
    }
}