{
    "marketings": {
        "0": {
            "type": 0,
            "version": 25,
            "title": "Check out new GGEZ arrivals.",
            "body": null,
            "avatar": "https://cdn.discordapp.com/assets/content/560b7b3fe62a62e65e04de683b261d070338555b6f86f44adfd8abf5da852613.png",
            "decorations": [
                "a_c48b135704ecb5c88f2f71f6c8bcce2f",
                "a_9450b11728cd18bf686d45513559ddb1",
                "a_fbbdd5565db1c91d95804f7df0074c5a"
            ],
            "dismissible_content": 422,
            "ref_target_background": null
        },
        "2": {
            "type": 2,
            "version": 25,
            "title": "Give your profile a fresh look",
            "body": "Check out the latest avatar decorations and profile effects and collect your favorite styles.",
            "asset": "https://cdn.discordapp.com/assets/content/5d02fdeeaa2d7d08e4224ba5373fa5d5649be588c71ef6bbc6d2f2630edcd712.png",
            "popout_asset": "https://cdn.discordapp.com/assets/content/c9b490431de6136850da7293a43eda767be434cf14012bd825b9e21cffead39b.png"
        }
    }
}