{
    "marketings": {
        "0": {
            "type": 0,
            "version": 19,
            "title": "JENNIE and Valentines",
            "body": "Steal hearts in style with JENNIE",
            "avatar": "https://cdn.discordapp.com/assets/content/0f4ee362d733e1d6132719911c897fb4d167bc3eb98ac3265ad72eb7dceec551.png",
            "decorations": [
                "a_a1c0581971d4a296908829289fea2c47",
                "a_b4dcf63b6af2e20cba91af61c0e3a8a7",
                "a_c86b11a49bb8057ce9c974a6f7ad658a"
            ],
            "dismissible_content": 422,
            "ref_target_background": {
                "style": {
                    "resting": {
                        "light": null,
                        "dark": null
                    },
                    "hovered": {
                        "light": null,
                        "dark": null
                    }
                },
                "asset": {
                    "resting": {
                        "light": "https://cdn.discordapp.com/assets/content/3c4415ce6e4ebcb28221c3ee0a894e8c95c2147ad55b17f4fec5be39b5110169.png",
                        "dark": "https://cdn.discordapp.com/assets/content/3c4415ce6e4ebcb28221c3ee0a894e8c95c2147ad55b17f4fec5be39b5110169.png"
                    },
                    "hovered": {
                        "light": "https://cdn.discordapp.com/assets/content/b5c407d7682802378e93169b8812d8ab77758bb9fd6814db2bc51c55e26bd8fd.png",
                        "dark": "https://cdn.discordapp.com/assets/content/b5c407d7682802378e93169b8812d8ab77758bb9fd6814db2bc51c55e26bd8fd.png"
                    }
                }
            }
        },
        "2": {
            "type": 2,
            "version": 19,
            "title": "Give your profile a fresh look",
            "body": "New JENNIE and Valentines avatar decorations and profile effects that\u2019ll dazzle your secret admirers.",
            "asset": "https://cdn.discordapp.com/assets/content/0d6ebe2f2edec5ebbe4597a2a5d8eebca13550664cc3bbd6e35189c4a908efcb.png",
            "popout_asset": "https://cdn.discordapp.com/assets/content/0da18ebf9833a40a4282d04fa5b632b820d61d9a43517421ad6ddd690d6f62b7.png"
        }
    }
}