{
    "sku_id": "1144058522808614923",
    "name": "DISXCORE Headset",
    "summary": "Everything sounds better with these on.",
    "store_listing_id": "1144058522808614922",
    "banner": "1149562891666731108",
    "unpublished_at": null,
    "styles": {
        "background_colors": [
            7546213,
            1121600
        ],
        "button_colors": [
            8734662,
            12076481
        ],
        "confetti_colors": [
            16069235,
            9803263,
            11008590,
            3350191
        ]
    },
    "items": [
        {
            "type": 0,
            "id": "1144058522808614924",
            "sku_id": "1144058522808614923",
            "asset": "a_d3da36040163ee0f9176dfe7ced45cdc",
            "label": "Futuristic Headphones, Blue, Animated"
        }
    ],
    "type": 0,
    "premium_type": 2,
    "category_sku_id": "1144058340327047249",
    "google_sku_ids": {
        "5": "1144058522808614923_1259924409150472252",
        "7": "1144058522808614923_1259924427077062737"
    }
}