{
  "sku_id": "1144057486203158560",
  "name": "Doughnut",
  "summary": "Never enough sprinkles.",
  "store_listing_id": "1144057486203158559",
  "banner": "1149563083245768704",
  "unpublished_at": null,
  "styles": {
    "background_colors": [
      15250027,
      8010240
    ],
    "button_colors": [
      16761685,
      16749879
    ],
    "confetti_colors": [
      14523544,
      16760887,
      16739072,
      16638081,
      14520894,
      16772812
    ]
  },
  "items": [
    {
      "type": 0,
      "id": "1144057486203158561",
      "sku_id": "1144057486203158560",
      "asset": "a_8b0d858b65a81ea0c537091a4650a6d4",
      "label": "Donut with Pink Glaze and Sprinkles, Animated"
    }
  ],
  "type": 0,
  "premium_type": 0,
  "category_sku_id": "1144054000099012659",
  "google_sku_ids": {
    "5": "1144057486203158560_1259924713367539713",
    "7": "1144057486203158560_1259924723802964049"
  }
}