{
    "sku_id": "1139323095744790568",
    "name": "Discord-Os",
    "summary": "Bet you can\u2019t have just one bowl.",
    "store_listing_id": "1139323095304392865",
    "banner": "1280605031003066378",
    "unpublished_at": null,
    "styles": {
        "background_colors": [
            1118740,
            1118740
        ],
        "button_colors": [
            5793266,
            5793266
        ],
        "confetti_colors": [
            43772,
            15774258,
            16414587,
            3000177,
            9739511
        ]
    },
    "items": [
        {
            "type": 1,
            "id": "1139323095304392864",
            "sku_id": "1139323095744790568"
        }
    ],
    "type": 1,
    "premium_type": 0,
    "category_sku_id": "1277733175191277721",
    "google_sku_ids": {
        "5": "1139323095744790568_1259924756854079638",
        "7": "1139323095744790568_1259924767142842509"
    }
}