{
    "marketings": {
        "0": {
            "type": 0,
            "version": 3,
            "title": "(\u2018Check out new arrivals in The Vault.\u2019)",
            "body": null,
            "avatar": "https://cdn.discordapp.com/assets/collectibles/avatar/phibi.png",
            "decorations": [
                "a_37dc2b53b273a457ff19ac2e3fda7e4c",
                "a_21c7a425b490017478a5558f33f33c63",
                "a_ea8e2e628bacdddb1ef18cb382aa454c"
            ],
            "dismissible_content": 441,
            "ref_target_background": null
        }
    }
}