{
    "sku_id": "1144059132517826601",
    "name": "Smoke",
    "summary": "Now you see me, now you don\u2019t.",
    "store_listing_id": "1144059132517826600",
    "banner": "1149562891666731108",
    "unpublished_at": null,
    "styles": {
        "background_colors": [
            7546213,
            1121600
        ],
        "button_colors": [
            8734662,
            12076481
        ],
        "confetti_colors": [
            16069235,
            9803263,
            11008590,
            3350191
        ]
    },
    "items": [
        {
            "type": 0,
            "id": "1144059132517826602",
            "sku_id": "1144059132517826601",
            "asset": "a_10b9f886b513b77ccdd67c8784f1a496",
            "label": "Smoke with Green Shining Border, Animated"
        }
    ],
    "type": 0,
    "premium_type": 2,
    "category_sku_id": "1144058340327047249",
    "google_sku_ids": {
        "5": "1144059132517826601_1259924455925485600",
        "7": "1144059132517826601_1259924466092212285"
    }
}