{
    "marketings": {
        "0": {
            "type": 0,
            "version": 18,
            "title": "Civilization VII",
            "body": "New decorations for the aspiring emperor",
            "avatar": "https://cdn.discordapp.com/assets/content/a7353cba43692e69caa11bcf3c9ed7951e3b5fc4b2979fe12a025ed7216cb3b3.png",
            "decorations": [
                "a_fcb0de14da228879b455f1f1d3919749",
                "a_9d95e36bc282523fddc63d31a8d01091",
                "a_8dddba8c2a9704a943bb7020a3d0a418"
            ],
            "dismissible_content": 422,
            "ref_target_background": {
                "style": {
                    "resting": {
                        "light": null,
                        "dark": null
                    },
                    "hovered": {
                        "light": null,
                        "dark": null
                    }
                },
                "asset": {
                    "resting": {
                        "light": null,
                        "dark": null
                    },
                    "hovered": {
                        "light": "https://cdn.discordapp.com/assets/content/ca221f85bd867b687cbd6ce7229701f1960e53bf665b91be1d3a5d6b0bbd3850.png",
                        "dark": "https://cdn.discordapp.com/assets/content/ca221f85bd867b687cbd6ce7229701f1960e53bf665b91be1d3a5d6b0bbd3850.png"
                    }
                }
            }
        },
        "2": {
            "type": 2,
            "version": 18,
            "title": "Build a profile that stands the test of time.",
            "body": "Check out the latest Civilization VII profile effects and avatar decorations.",
            "asset": "https://cdn.discordapp.com/assets/content/3a49211826d9cdd632f84c78a384a1bdbfcef2cbe9d6dd258ace865eee880e23.png",
            "popout_asset": "https://cdn.discordapp.com/assets/content/75c7196f22db35c8d73b556520fe8663d76565db980b3f9426f03ef3598c9b84.png"
        }
    }
}