{
    "sku_id": "1144056139584127058",
    "name": "Toast",
    "summary": "It is toast.",
    "store_listing_id": "1144054000099012660",
    "banner": "1280605031003066378",
    "unpublished_at": null,
    "styles": {
        "background_colors": [
            1118740,
            1118740
        ],
        "button_colors": [
            5793266,
            5793266
        ],
        "confetti_colors": [
            43772,
            15774258,
            16414587,
            3000177,
            9739511
        ]
    },
    "items": [
        {
            "type": 0,
            "id": "1184292703937253386",
            "sku_id": "1144056139584127058",
            "asset": "a_21c7a425b490017478a5558f33f33c63",
            "label": "Toast Being Eaten, Animated"
        }
    ],
    "type": 0,
    "premium_type": 0,
    "category_sku_id": "1277733175191277721",
    "google_sku_ids": {
        "5": "1144056139584127058_1259924610200240251",
        "7": "1144056139584127058_1259924629036728380"
    }
}