{
    "marketings": {
        "0": {
            "type": 0,
            "version": 13,
            "title": "Check out new Winter Wonderland arrivals.",
            "body": null,
            "avatar": "https://cdn.discordapp.com/assets/content/057b186324a174201b112de40b171c20142a81b7b1d6384a1543230425ba4a48.png",
            "decorations": [
                "a_92f6d18bf697c4b3ca1eb90e1d7936dd",
                "a_a7e6467b5332ab7a2b725aa225e6c752",
                "a_88f42fb7360d8224a670a50c3496f315"
            ],
            "dismissible_content": 422,
            "ref_target_background": null
        },
        "2": {
            "type": 2,
            "version": 12,
            "title": "Cozy vibes with Lofi Girl.",
            "body": "Check out the latest avatar decorations and profile effects by Lofi Girl!",
            "asset": "https://cdn.discordapp.com/assets/content/f5eec43d49ecd413b56b668257ada6397675d775233e6306950dfeae93c075d4.png",
            "popout_asset": "https://cdn.discordapp.com/assets/content/4d28996ac08a02aa75b9b5e7f1beaefe104573a304e5452493aafa4a712eb68d.png"
        }
    }
}