{
    "marketings": {
        "0": {
            "type": 0,
            "version": 13,
            "title": "Check out new Winter Wonderland arrivals.",
            "body": null,
            "avatar": "https://cdn.discordapp.com/assets/content/057b186324a174201b112de40b171c20142a81b7b1d6384a1543230425ba4a48.png",
            "decorations": [
                "a_92f6d18bf697c4b3ca1eb90e1d7936dd",
                "a_a7e6467b5332ab7a2b725aa225e6c752",
                "a_88f42fb7360d8224a670a50c3496f315"
            ],
            "dismissible_content": 422,
            "ref_target_background": null
        }
    }
}