{
    "sku_id": "1144057023726628945",
    "name": "Fried Egg",
    "summary": "I like mine sunny side up.",
    "store_listing_id": "1144057023726628944",
    "banner": "1280605031003066378",
    "unpublished_at": null,
    "styles": {
        "background_colors": [
            1118740,
            1118740
        ],
        "button_colors": [
            5793266,
            5793266
        ],
        "confetti_colors": [
            43772,
            15774258,
            16414587,
            3000177,
            9739511
        ]
    },
    "items": [
        {
            "type": 0,
            "id": "1144057023726628946",
            "sku_id": "1144057023726628945",
            "asset": "a_9b7b74e72efe1bc5a6beddced3da3c0f",
            "label": "Runny Egg Yolk, Animated"
        }
    ],
    "type": 0,
    "premium_type": 0,
    "category_sku_id": "1277733175191277721",
    "google_sku_ids": {
        "5": "1144057023726628945_1259924669612425317",
        "7": "1144057023726628945_1259924680274481222"
    }
}