{
    "marketings": {
        "0": {
            "type": 0,
            "version": 7,
            "title": "Roll with D&D!",
            "body": "Time to kick off the party, D&D style.",
            "avatar": "https://cdn.discordapp.com/assets/content/d78a562bfd8202ee9a25f5250c913cdda9868e0169f5b080d2dfcacd8ba16640.png",
            "decorations": [
                "a_3c5743cedcb72131c58278278a97c143",
                "a_66604bb5c9351541f30c20a4e78c239c",
                "a_a842a9cf76fdaf91a6354937b31ecdef"
            ],
            "dismissible_content": 422,
            "ref_target_background": {
                "style": {
                    "resting": {
                        "light": null,
                        "dark": null
                    },
                    "hovered": {
                        "light": null,
                        "dark": null
                    }
                },
                "asset": {
                    "resting": {
                        "light": null,
                        "dark": null
                    },
                    "hovered": {
                        "light": "https://cdn.discordapp.com/assets/content/c85fc5aaa588630e9d4a2177bae46ac1a616161b8a2e467b6437d4133f7a6382.png",
                        "dark": "https://cdn.discordapp.com/assets/content/c85fc5aaa588630e9d4a2177bae46ac1a616161b8a2e467b6437d4133f7a6382.png"
                    }
                }
            }
        },
        "2": {
            "type": 2,
            "version": 7,
            "title": "Buff up your profile with D&D.",
            "body": "Show off your adventurer\u2019s spirit with new Dungeons & Dragons avatar decorations and profile effects!",
            "asset": "https://cdn.discordapp.com/assets/content/57106693065d6104e759725b285a8f13ebe945433c7d07d11ea6a19e83b203f8.png",
            "popout_asset": "https://cdn.discordapp.com/assets/content/ad39be73ccfabe2e28b31c8ce0cccfe0c368b5173d1103a730341edce1746bb4.png"
        }
    }
}