{
    "marketings": {
        "0": {
            "type": 0,
            "version": 12,
            "title": "Check out new Lofi Girl arrivals.",
            "body": null,
            "avatar": "https://cdn.discordapp.com/assets/content/2944979011164b59513d125d03a498be2f5f5cb81f67a08bcafd661c6895bdd0.png",
            "decorations": [
                "a_6649e251a23f24935471ee02c212675b",
                "a_28fbe43ba1ee217576dee69712bbb628",
                "a_96f65d0aacc4a94b50ef7fb656d5826d"
            ],
            "dismissible_content": 422,
            "ref_target_background": null
        },
        "2": {
            "type": 2,
            "version": 12,
            "title": "Cozy vibes with Lofi Girl.",
            "body": "Check out the latest avatar decorations and profile effects by Lofi Girl!",
            "asset": "https://cdn.discordapp.com/assets/content/f5eec43d49ecd413b56b668257ada6397675d775233e6306950dfeae93c075d4.png",
            "popout_asset": "https://cdn.discordapp.com/assets/content/4d28996ac08a02aa75b9b5e7f1beaefe104573a304e5452493aafa4a712eb68d.png"
        }
    }
}