{
    "marketings": {
        "0": {
            "type": 0,
            "version": 24,
            "title": "Check out new Chibi Cafe arrivals.",
            "body": null,
            "avatar": "https://cdn.discordapp.com/assets/content/f796fa9c02760f25e39b2011da141c745772ae144f5b32346be330a0b5b3823b.png",
            "decorations": [
                "a_b70f0a0cecf3097eae17a8f7d8c659a8",
                "a_5a52022f86ac469d0f4c898fc6ebc1c8",
                "a_45635c94cd1dfa196f9711c01cbd7df8"
            ],
            "dismissible_content": 422,
            "ref_target_background": null
        },
        "2": {
            "type": 2,
            "version": 24,
            "title": "Give your profile a fresh look",
            "body": "Check out the latest avatar decorations and profile effects and collect your favorite styles.",
            "asset": "https://cdn.discordapp.com/assets/content/8cc59a7da47bc6eb16c4666ba615a48f4b5f0a2b654ac887b3e129c23cef55bc.png",
            "popout_asset": "https://cdn.discordapp.com/assets/content/b58c4abf59b55e17f98de55d2dc3e3d7650e161c5895e5f56cec3b18a184c3b2.png"
        }
    }
}