{
    "marketings": {
        "0": {
            "type": 0,
            "version": 15,
            "title": "Check out new Fantasy arrivals.",
            "body": null,
            "avatar": "https://cdn.discordapp.com/assets/content/0079a06b74b1a08290d48f9b979db682316e4fec3902f128cd86314357aada9d.png",
            "decorations": [
                "a_57587eee08d2709588773fb20401fe5f",
                "a_72d1fd7c47cc7a98c8f64d175773344b",
                "a_60f484900b4b331d62b51799ba98d001"
            ],
            "dismissible_content": 422,
            "ref_target_background": null
        },
        "2": {
            "type": 2,
            "version": 15,
            "title": "Give your profile a fresh look",
            "body": "Check out the latest avatar decorations and profile effects and collect your favourite styles.",
            "asset": "https://cdn.discordapp.com/assets/content/d60d0efe8a39eef3c88fffd8d2f67f2ba4a65fce89767cb21b4fb4ae0e7d33ba.png",
            "popout_asset": "https://cdn.discordapp.com/assets/content/5b09febe2431323e209add9c2fe2f74a17e3ddb9af5e7950aedc1cde68aa8da8.png"
        }
    }
}