{
    "sku_id": "1144058844004233369",
    "name": "Futuristic UI",
    "summary": "BEEP BOOP.",
    "store_listing_id": "1144058844004233368",
    "banner": "1149562891666731108",
    "unpublished_at": null,
    "styles": {
        "background_colors": [
            7546213,
            1121600
        ],
        "button_colors": [
            8734662,
            12076481
        ],
        "confetti_colors": [
            16069235,
            9803263,
            11008590,
            3350191
        ]
    },
    "items": [
        {
            "type": 0,
            "id": "1144058844004233370",
            "sku_id": "1144058844004233369",
            "asset": "a_fed43ab12698df65902ba06727e20c0e",
            "label": "Futuristic Interface, Pink, Animated"
        }
    ],
    "type": 0,
    "premium_type": 2,
    "category_sku_id": "1144058340327047249",
    "google_sku_ids": {
        "5": "1144058844004233369_1259924436509786173",
        "7": "1144058844004233369_1259924446186176552"
    }
}