{
    "sku_id": "1144056631374647458",
    "name": "Morning Coffee",
    "summary": "Don\u2019t talk to me until I finish this.",
    "store_listing_id": "1144056631374647457",
    "banner": "1280605031003066378",
    "unpublished_at": null,
    "styles": {
        "background_colors": [
            1118740,
            1118740
        ],
        "button_colors": [
            5793266,
            5793266
        ],
        "confetti_colors": [
            43772,
            15774258,
            16414587,
            3000177,
            9739511
        ]
    },
    "items": [
        {
            "type": 0,
            "id": "1144056631374647459",
            "sku_id": "1144056631374647458",
            "asset": "a_aa2e1c2b3cf05b24f6ec7b8b4141f5fc",
            "label": "Coffee with Milk Steaming from Blue Mug with Smiley Face, Animated"
        }
    ],
    "type": 0,
    "premium_type": 0,
    "category_sku_id": "1277733175191277721",
    "google_sku_ids": {
        "5": "1144056631374647458_1259924648674594857",
        "7": "1144056631374647458_1259924658136940644"
    }
}